อาจารย์อยู่ไหมครับ,บุคคล
อาจารย์อยู่ไหนครับ,สถานที่-คน
อาจารย์อยู่ไหมคะ,บุคคล
อาจารย์อยู่ไหนคะ,สถานที่-คน
อ.อยู่ไหมครับ,บุคคล
อ.อยู่ไหนครับ,สถานที่-คน
อ.อยู่ไหมคะ,บุคคล
อ.อยู่ไหนคะ,สถานที่-คน
คุณอยู่ไหมครับ,บุคคล
คุณอยู่ไหนครับ,สถานที่-คน
คุณอยู่ไหมคะ,บุคคล
คุณอยู่ไหนคะ,สถานที่-คน
ด๊อกเตอร์อยู่ไหมครับ,บุคคล
ด๊อกเตอร์อยู่ไหนครับ,สถานที่-คน
ด๊อกเตอร์อยู่ไหมคะ,บุคคล
ด๊อกเตอร์อยู่ไหนคะ,สถานที่-คน
ดร.อยู่ไหมครับ,บุคคล
ดร.อยู่ไหนครับ,สถานที่-คน
ดร.อยู่ไหมคะ,บุคคล
ดร.อยู่ไหนคะ,สถานที่-คน
ห้องอยู่ไหน,สถานที่-สถานที่
ห้องอยู่ไหนหรอ,สถานที่-สถานที่
ห้องไปทางไหน,สถานที่-สถานที่
ห้องไปทางไหนหรอ,สถานที่-สถานที่
ไม่ทราบว่า จะติดต่ออาจารย์ได้ที่ไหน,สถานที่-คน
ไม่ทราบว่า จะติดต่ออาจารย์ได้ยังไง,ข้อมูล-คน
ไม่ทราบว่า จะติดต่ออ.ได้ที่ไหน,สถานที่-คน
ไม่ทราบว่า จะติดต่ออ.ได้ยังไง,ข้อมูล-คน
ไม่ทราบว่า จะติดต่อด๊อกเตอร์ได้ที่ไหน,สถานที่-คน
ไม่ทราบว่า จะติดต่อด๊อกเตอร์ได้ยังไง,ข้อมูล-คน
ไม่ทราบว่า จะติดต่อดร.ได้ที่ไหน,สถานที่-คน
ไม่ทราบว่า จะติดต่อดร.ได้ยังไง,ข้อมูล-คน
ห้องอ.อยู่ไหน,สถานที่-คน
ห้องอ.อยู่ทางไหน,สถานที่-คน
ห้องอาจารย์อยู่ไหน,สถานที่-คน
ห้องอาจารย์อยู่ทางไหน,สถานที่-คน
ห้องดร.อยู่ไหน,สถานที่-คน
ห้องดร.อยู่ทางไหน,สถานที่-คน
ห้องด๊อกเตอร์อยู่ไหน,สถานที่-คน
ห้องด๊อกเตอร์อยู่ทางไหน,สถานที่-คน
